ID,name,createdAt,createdBy,modifiedAt,modifiedBy
23367619-1783-48f6-bda9-486ce1cac28c,name-23367619,2011-01-29T00:00:00.000Z,createdBy.dwukj@example.net,2012-04-21T00:00:00.000Z,modifiedBy.dwukj@example.com
21937907-01a9-4723-b5ec-ff1fc97a7e05,name-21937907,2022-01-22T00:00:00.000Z,createdBy.d27eb@example.com,2015-10-08T00:00:00.000Z,modifiedBy.d27eb@example.com
21937908-7169-4bcf-95b4-4718c731826c,name-21937908,2003-08-25T00:00:00.000Z,createdBy.d27ec@example.net,2021-01-22T00:00:00.000Z,modifiedBy.d27ec@example.org
21937909-f4a1-4751-840c-909b30cdaf40,name-21937909,2009-01-20T00:00:00.000Z,createdBy.d27ed@example.com,2017-04-14T00:00:00.000Z,modifiedBy.d27ed@example.com
21937910-945b-4b34-a16f-7eda43447b9b,name-21937910,2021-06-28T00:00:00.000Z,createdBy.d27ee@example.com,2014-02-16T00:00:00.000Z,modifiedBy.d27ee@example.net
21937911-5125-4487-bfdb-e8b7c11ec700,name-21937911,2009-07-08T00:00:00.000Z,createdBy.d27ef@example.net,2014-03-24T00:00:00.000Z,modifiedBy.d27ef@example.org
21937912-a158-437c-a0a9-9d37ed20f961,name-21937912,2003-12-08T00:00:00.000Z,createdBy.d27eg@example.org,2012-03-04T00:00:00.000Z,modifiedBy.d27eg@example.net
21937913-7707-4c12-9215-dff9cdcfb00f,name-21937913,2004-02-22T00:00:00.000Z,createdBy.d27eh@example.net,2014-05-18T00:00:00.000Z,modifiedBy.d27eh@example.com
21937914-f939-4cdf-a757-3246b9c079b6,name-21937914,2003-03-31T00:00:00.000Z,createdBy.d27ei@example.net,2020-11-23T00:00:00.000Z,modifiedBy.d27ei@example.com
21937915-70b7-4ea6-973a-68e1dd3b37ae,name-21937915,2011-08-31T00:00:00.000Z,createdBy.d27ej@example.net,2022-03-30T00:00:00.000Z,modifiedBy.d27ej@example.com